0.0,0.0,0.0,0.0,0.0,0.0
0.0,0.0025723734013072936,-0.0028736812879251415,0.0003013078866178489,3.1841192549971548e-22,-1.1342317749714372e-18
-6.57304440432069e-07,0.007719398466158465,-0.008627253556542439,0.0009079709421319635,-6.573044404320681e-07,-1.1585174799040814e-07
-4.604348597912638e-06,0.015443278540002287,-0.01726667169783641,0.0018231986832084417,-4.604997487552226e-06,1.9278449161625257e-07
-1.6454769015611392e-05,0.02574578941477888,-0.028796482094586753,0.0030485580916466875,-1.6459963949635035e-05,2.135710515004515e-06
-4.2808302964024664e-05,0.03862761468334576,-0.04321766472951034,0.004582477061424822,-4.282974714180316e-05,7.6052644746402395e-06
-9.225239865577866e-05,0.054087369481516184,-0.06052447144611306,0.006418057356713048,-9.231612427477424e-05,1.918783903581655e-05
-0.0001753572843281409,0.07212032107558289,-0.08070028467894662,0.00854021537541998,-0.00017551214423865816,4.017138589839312e-05
-0.00030466023842987106,0.09271683023763708,-0.10371256728416257,0.010922200843531793,-0.00030498836355341086,7.454541122316729e-05
-0.0004946341284259152,0.1158605621046476,-0.1295070485105556,0.013521594007677301,-0.0004952633372962737,0.00012698912845759605
-0.0007616352583104388,0.14152654958918917,-0.15800139520187834,0.016275951919472,-0.0007627533894438649,0.00020284302316678215
-0.0011238265905630985,0.16967923401472784,-0.1890787448113419,0.019098359902417993,-0.0011256977076555517,0.00030805940070708997
-0.0016010748945127153,0.20027065006977168,-0.22258161004493426,0.021873233670765296,-0.001604057289590068,0.0004491288543486266
-0.002214824559580145,0.23323895432553637,-0.2583067727757302,0.024452790547620208,-0.0022193904524784288,0.0006329822371706436
-0.0029879565383005135,0.2685075037688599,-0.2960018254644149,0.026654637704502278,-0.00299471334615344,0.0008668716157615235
-0.003944647377808168,0.30598465856712037,-0.33536394945385434,0.02826088405461804,-0.003954360410989807,0.0011582383778791707
-0.0051102491293104615,0.34556440360912694,-0.3760413161153199,0.029019054249465454,-0.005123865566700974,0.0015145812322934665
-0.0065112142746675305,0.3871277615843428,-0.41763717026642755,0.02864487543033303,-0.006529888286722174,0.001943340024131269
-0.008175089082994434,0.43054482848189557,-0.45971626334628823,0.026826756916073974,-0.008200208009009375,0.002451811909952216
-0.01013059338776622,0.4756771351698468,-0.5018129407876275,0.023231549933506047,-0.010163804933008624,0.003047113893959682
-0.01240779550152026,0.5223799620326448,-0.5434399531358087,0.017511021805074925,-0.012451035994840636,0.0037362003714295038
-0.015038380050774486,0.5705042300155343,-0.5840970179576251,0.009308447099198989,-0.01509390388424495,0.0045259374243370966
-0.018055996699599338,0.6198976605815524,-0.6232783117317234,-0.0017351920688369084,-0.01812640714695307,0.0054232288692391065
-0.02149667141677136,0.6704050171567909,-0.6604783598477751,-0.015975730579818267,-0.02158495308596587,0.00643518392136152
-0.025399260423986166,0.7218673788657564,-0.6951961288755422,-0.033761203340032894,-0.025508813633020287,0.007569313494932079
-0.029805930395552797,0.7741205237017833,-0.7269374239931217,-0.05542804769816246,-0.02994060776576554,0.00883374140625805
-0.03476265635856295,0.8269925947473711,-0.755215903121256,-0.08129797495474371,-0.03492680189608317,0.01023741725722133
-0.040319740562047846,0.8803012856701452,-0.7795531235500938,-0.11167532035859645,-0.04051823144902709,0.011790318525247666
-0.04653237132059654,0.9338508166391274,-0.7994780517513174,-0.1468447017989875,-0.04677066256847905,0.013503629499883395
-0.053461261075996275,0.9874289894237361,-0.8145264222557821,-0.18706887964318394,-0.053745433109310896,0.015389883653844482
-0.06117342861502825,1.0408046204803747,-0.8242402586285092,-0.2325867917912347,-0.06151023776157529,0.017463053643315598
-0.06974322231864236,1.0937256598626839,-0.828167796052925,-0.28361181844637223,-0.0701401540837753,0.0197385694954466
-0.07925371927530833,1.145918315029346,-0.8258639932670802,-0.34033039153577466,-0.079719044171805,0.022233240888998435
-0.0897986765628845,1.1970875134124948,-0.8168918122565748,-0.4029010852720242,-0.09034150813909832,0.02496505394645696
-0.10148524902097161,1.2469190578965503,-0.8008245012340619,-0.4714542852209863,-0.10211560354139027,0.02795280653091008
-0.11443770666781562,1.2950838605423278,-0.7772492728788434,-0.54609240586304,-0.1151665635767945,0.03121553801431403
-0.12880235060620465,1.3412446929235906,-0.7457730710872023,-0.6268903756425407,-0.12964171231657912,0.03477169838387922
-0.14475366489323796,1.3850659811598431,-0.7060316208261818,-0.7138956918837579,-0.14571661339003755,0.03863798519817636
-0.16250128980659362,1.4262273056908361,-0.657703697835884,-0.8071267284188359,-0.1636020358146015,0.04282775368228434
-0.1822962965897882,1.4644413932061493,-0.6005334810771448,-0.9065671653567456,-0.18355021455418505,0.04734887872869339
-0.20443270399526908,1.4994772998435315,-0.5343645789923517,-1.012153579015398,-0.20585634360896912,0.05220093958861321
-0.2292346570939288,1.531188566223893,-0.4591886238426104,-1.1237530149830954,-0.23084572297138448,0.057371681206054834
-0.2570087821881425,1.5595430144499756,-0.37520628579045123,-1.2411293861301003,-0.25882608791184847,0.06283307051064105
-0.2879241318339289,1.584643683960209,-0.282884577829013,-1.3639046185622807,-0.2899675867810329,0.06853829448850063
-0.3217728754535375,1.6067207987555205,-0.18297229874014148,-1.4915334120696422,-0.32406368221652404,0.07442310626424564
-0.3576274150957546,1.6260817923116448,-0.07643972967631175,-1.6233136917626847,-0.36018878547128835,0.0804167852730691
-0.3936520860445033,1.643074491895276,0.035571397984740794,-1.7584016829227616,-0.3965105397826505,0.08646330305295735
-0.4275740804457421,1.6582106360289277,0.15151800522905376,-1.8957059370948717,-0.43076028143447126,0.09253594846250153
-0.4577725301953515,1.6724365648855493,0.2689627496737752,-2.033663381828191,-0.46131990503800746,0.09862298496011965
-0.48389589876387673,1.6871709246519515,0.38455745731350804,-2.170265315021971,-0.48783737173953173,0.10470104490486867
-0.5064680929233815,1.7039308647062077,0.49485739492761577,-2.303513014707891,-0.510833470194031,0.11073335803315329
-0.5262310339215496,1.723908247636552,0.5972063935471897,-2.4318926123923497,-0.5310462744983248,0.11668724877243754
-0.5438103492101451,1.7478052797690309,0.6900359210789734,-2.5545124485379334,-0.5490980405299487,0.12254553109871355
-0.5596562289878764,1.7758925288337475,0.7726777324578893,-2.670968448323415,-0.5654363699675763,0.12830647368415438
-0.5740783858863319,1.8081386515014184,0.845039884454358,-2.781142969549931,-0.5803690787109381,0.13397913567604017
-0.5872892014547457,1.8443242613102222,0.9073436882038772,-2.885050315942247,-0.5941071791413146,0.13957895832841063
-0.599435582121938,1.8841196679695689,0.9599601482094258,-2.982747563477646,-0.6067965993391901,0.14512481215087733
-0.6106203682948496,1.9271334229260613,1.0033224385144872,-3.0742935980922175,-0.6185394915527427,0.1506371944611941
-0.6209168674958256,1.9729425390971564,1.0378842575270268,-3.1597364867710898,-0.6294086896629003,0.15613708421340797
-0.6303790728343602,2.0211123088125147,1.0641025870703547,-3.239115263088079,-0.6394578671593134,0.16164512902278336
-0.6390490291904042,2.0712103148196817,1.082432165393421,-3.3124678459351613,-0.6487288526699805,0.16718100858596585
-0.6469621394213189,2.122816960894791,1.0933248414419012,-3.3798405081177463,-0.6572568933249598,0.1727629221523051
-0.6541508635078844,2.175533561767454,1.0972303894337099,-3.4412964890356927,-0.6650743185975144,0.17840719595119428
-0.6606471167499022,2.2289883970764275,1.0945972377433983,-3.4969226043326587,-0.6722129110373668,0.18412802000371434
-0.6664836226256634,2.2828408806134677,1.0858725607834372,-3.5468334476181465,-0.6787052396455706,0.18993731891886145
-0.671694462209431,2.336783944169248,1.0715016869325387,-3.591173225660901,-0.6845851973996906,0.19584474945936733
-0.6763150518949519,2.39054477299441,1.0519270075508615,-3.6301155312382773,-0.68988797372726,0.2018578060588804
-0.6803817602673544,2.443884091673671,1.0275866528169908,-3.6638614958600026,-0.6946496714070871,0.20798200785481055
-0.6839313414887944,2.496594250687798,0.998913198020455,-3.6926368129961364,-0.6989067437208139,0.2142211382786409
-0.6870003213407659,2.548496391245809,0.9663326185945554,-3.716688106543086,-0.7026953864966288,0.22057751016179
-0.6896244297924436,2.5994369678591993,0.9302636465139102,-3.7362790596947892,-0.7060509776149521,0.22705223415900752
-0.6918381361923492,2.649283890057357,0.8911176076725339,-3.7516866333829517,-0.7090076190574531,0.23364547442567812
-0.693674313086343,2.6979225146172525,0.8492987463153876,-3.763197604844374,-0.7115978067858544,0.24035668158775098
-0.6951640330891526,2.745251685602504,0.8052049716406298,-3.7711055560268454,-0.7138522324324367,0.2471847982686852
-0.6963364893545874,2.7911799876436607,0.7592288946114215,-3.7757083456713256,-0.7157997071246321,0.25412843639116584
-0.6972190223049756,2.8356223520897923,0.7117589609698518,-3.777306012903056,-0.7174671900530329,0.2611860280842108
-0.6978372314728576,2.8784971369856214,0.6631804321612523,-3.776198987859532,-0.7188799007144048,0.26835595342103474
-0.6982151498585362,2.919723788438333,0.6138759252844167,-3.7726864304795047,-0.7200614924140631,0.27563664859442255
-0.698375457834874,2.959221178216608,0.5642252064906554,-3.76706448782276,-0.7210342643281259,0.2830266977284389
-0.6983397136046475,2.996906693568133,0.5146039536299458,-3.759624260769827,-0.7218193894834031,0.29052491055192714
-0.6981285773843113,3.0326961226726477,0.46538127870693047,-3.750649310735895,-0.7224371362596793,0.29813038685629195
-0.6977620072277699,3.0665043270166032,0.4169159393008235,-3.7404126211946607,-0.7229070618219836,0.30584256729917336
-0.6972594064515998,3.0982466195544074,0.3695513674412454,-3.729173054165262,-0.7232481579658264,0.31366126901374575
-0.6966397067596449,3.1278406823776974,0.3236098797723875,-3.7171714918613143,-0.7234789339625183,0.32158670397137973
-0.6959213777807725,3.155208776566674,0.279386655604328,-3.7046269971691177,-0.7236174274971947,0.32961947838343986
-0.6951223624249344,3.180279942726768,0.23714421648815026,-3.6917334231808745,-0.723681143295603,0.3377605726875004
-0.6942599468869688,3.2029918843089025,0.19710815593655717,-3.6786569156331463,-0.7236869282212812,0.34601130363461635
-0.6933505823032187,3.223292276529179,0.15946472721944932,-3.665534667361096,-0.7236507995610724,0.3543732721937829
-0.6924096800740348,3.241139343147687,0.1243606260342377,-3.652475116242899,-0.7235877480425994,0.3628483028012608
-0.6914514036297843,3.256501666984651,0.09190497209469758,-3.639559570766333,-0.7235115378096852,0.3714383803867841
-0.6904884761372145,3.2693573165341316,0.06217318535031345,-3.6268450546914544,-0.7234345223305563,0.3801455913844139
-0.6895320176334768,3.279692454494871,0.035212238501812335,-3.6143680287387827,-0.7233674893238062,0.38897207372334225
-0.6885914181561958,3.2874996324409884,0.011046678743496793,-3.602148592781662,-0.7233195410350454,0.39791997899799986
-0.6876742472297155,3.292775972149381,-0.01031516199730918,-3.5901947904612577,-0.7232980101576781,0.4069914481186335
-0.686786195544464,3.2955214012356358,-0.02887524491553275,-3.5785067059643434,-0.7233084073058833,0.4161886001292577
-0.6859310420826935,3.2957370646037045,-0.04464052955046945,-3.56708013156145,-0.723354393456372,0.4255135327548826
-0.6851106390300147,3.2934239870738016,-0.05761851194652513,-3.555909670891278,-0.7234377699091878,0.4349683326343643
-0.6843249070576598,3.288582024654398,-0.06781369363823708,-3.54499121251121,-0.723558478576263,0.44455509302349283
-0.6835718344456246,3.2812091155885184,-0.07522500624977917,-3.534323755350109,-0.7237146062827172,0.4542759368825845
-0.6828474746408313,3.271300827391427,-0.07984417693094288,-3.5239105930413506,-0.7239023878700832,0.46413304356584884
-0.6821459379616258,3.258850190651687,-0.08165500775028547,-3.5137598715854574,-0.7241162039845652,0.4741286777089743
-0.6814593741626183,3.243847811858654,-0.08063354992442928,-3.50388452935367,-0.7243485704129831,0.48426521930689587
-0.6807779434549671,3.226282263514153,-0.07674917408789353,-3.4943016149152766,-0.7245901166873274,0.4945451943583482
-0.6800897743928379,3.2061407581593158,-0.0699665642657703,-3.4850309608734245,-0.7248295524696704,0.5049713058238984
-0.6793809078762283,3.183410121778662,-0.060248689899260036,-3.4760931748523345,-0.7250536210376783,0.515546465010075
-0.6786352274816837,3.158078089342697,-0.04756083102228664,-3.4675068962296653,-0.7252470401098985,0.5262738238698511
-0.6778343774973468,3.1301349486226355,-0.031875739101985975,-3.459285264201792,-0.7253924313556263,0.5371568091124144
-0.6769576714391118,3.099575554766942,-0.013180000708872774,-3.451431555666939,-0.7254702412544038,0.5481991594451862
-0.675981995393004,3.0664017235924033,0.008518378611468529,-3.4439339879800683,-0.725458657438149,0.559404967710067
-0.6748817120316304,3.030624981790358,0.03318125003745189,-3.4367597503120946,-0.7253335260401628,0.5707787300743715
-0.6736285721153752,2.9922696036137366,0.060730691903051706,-3.4298484350725227,-0.7250682764392307,0.5823254047055554
-0.6721916399486625,2.9513757952458555,0.09103892625632394,-3.423105188919345,-0.7246338594039616,0.594050482368068
-0.6705372366075523,2.9080028051687763,0.12391849494567253,-3.416394080824884,-0.7239987020665419,0.6059600709784673
-0.6686288987471556,2.8622316562278707,0.15911367347200867,-3.4095323637292894,-0.7231286774234517,0.6180609952141155
-0.666427340821404,2.8141671387631955,0.19629429258487452,-3.4022864362812295,-0.7219870766241555,0.6303609107694466
-0.6638903950475188,2.7639387080169495,0.2350531565844323,-3.3943703265983136,-0.7205345596237211,0.6428684309716508
-0.6609728884532884,2.711700023433328,0.27490800176385943,-3.3854473608668307,-0.7187290457881417,0.6555932616487347
-0.6576264034013405,2.657627061302821,0.3153083957563306,-3.375135324471706,-0.7165254941005889,0.668546339054111
-0.6537988610421261,2.601914996012895,0.35564721369523966,-3.36301492033723,-0.7138755164138468,0.6817399659916002
-0.6494338685358596,2.544774309039678,0.39527553094030754,-3.3486408010364914,-0.7107267688522051,0.6951879434900512
-0.6444697793248332,2.4864267601305903,0.43351919294998864,-3.331554057490471,-0.7070220746985207,0.7089056993922321
-0.6388384257785175,2.4271018739117722,0.46969515712915905,-3.3112949137791055,-0.7026982417259028,0.722910420521629
-0.6324634870762159,2.3670344442879196,0.5031259963187888,-3.2874145350876045,-0.6976845403485342,0.7372212010020391
-0.6252584442852434,2.3064632859524914,0.5331515870446885,-3.259485226368341,-0.6919007987928224,0.75185922546625
-0.617124043674632,2.245631148550348,0.559137757179252,-3.2271087424829608,-0.685255042648424,0.7668480125273511
-0.6079451356034807,2.1847854301291942,0.5804823283809558,-3.189922813894669,-0.6776405561997921,0.7822137517029256
-0.5975866787242072,2.124179124058528,0.5966194420228279,-3.147606242639072,-0.6689321709357599,0.7979857766348307
-0.5858885972812272,2.064071310295187,0.6070232967143201,-3.0998830398339385,-0.6589814921996373,0.8141972286340109
-0.572659054576274,2.004726434502504,0.6112125220837976,-3.0465261079949495,-0.6476106594987604,0.8308859745528434
-0.5576655689824828,1.9464115762317291,0.6087564675789504,-2.9873609890064876,-0.6346041092661855,0.8480958437334751
-0.5406232897034806,1.8893908678834073,0.599284783883679,-2.9222702659248605,-0.6196977068373868,0.8658782210240193
-0.5211797851130953,1.8339161931498358,0.5825018523346703,-2.85119935865622,-0.6025646444233429,0.8842939327998462
-0.49889619329793644,1.7802133322313687,0.5582077839568251,-2.774164656213533,-0.5827979539947234,0.9034150931160625
-0.47322634995473206,1.7284630509090568,0.5263274670871689,-2.6912649819918895,-0.5598910997686557,0.9233259250993924
-0.4435005075255894,1.678777855940401,0.48694733527523587,-2.6026966867380326,-0.533222699850496,0.9441200967624445
-0.4089329133150247,1.6311787385136478,0.4403532722469553,-2.50876967507718,-0.5020630481204063,0.9658889998803732
-0.3687011223953914,1.5855852327307265,0.3870463472124769,-2.409913168321795,-0.465646410138057,0.9886896764384675
-0.3221972115175236,1.5418502731296018,0.3276779596806006,-2.306641598656608,-0.4234012130333009,1.01247395819497
-0.26959717957044504,1.49989227797892,0.262802400668913,-2.199427142430131,-0.37547296152535414,1.0369650076292847
-0.2127501120492663,1.4599458639987108,0.19239388026591087,-2.0884473399525034,-0.3235425034964883,1.0615271253103393
-0.1557052238195126,1.4227508292153477,0.11545262210005307,-1.9733694501273205,-0.2713148888499178,1.0852204043554594
-0.10351790455055145,1.3892541469756348,0.030535213585178675,-1.8536132349881544,-0.2234298018623998,1.1072310114643242
-0.05961574862399906,1.3598229860778497,-0.06269382834373688,-1.7291754314480097,-0.18304563356476367,1.1273512134943533
-0.024522821014623206,1.3337721720622995,-0.16244594677333543,-1.601197985273254,-0.15066306261793694,1.145936573862751
0.003157634610465015,1.3096082066273735,-0.2652551224398754,-1.471741867217252,-0.12501976174285323,1.1635192156277738
0.025307329222482588,1.2855773049282637,-0.3671204967425694,-1.3431594892183236,-0.10440430645361855,1.1805544623221653
0.0435307800132855,1.260122169890646,-0.46449506750000646,-1.2175398551885792,-0.08735513056272824,1.1973652416581742
0.058976758415678426,1.2321211742674585,-0.5548025514853271,-1.096418526241183,-0.07282541370235078,1.2141650352944602
0.07240626316432168,1.2009257750463975,-0.6364948811128905,-0.9807538396548138,-0.06012191509384228,1.231091212804523
0.08430951602652081,1.1662791065362033,-0.7088419179087089,-0.8710578790477067,-0.04879850605757206,1.248231282731214
0.09500218360838436,1.128201810527836,-0.771659448673111,-0.7675587452222328,-0.03856842198911889,1.2656408793393297
0.10469028191017847,1.0868930833047574,-0.8250875695923079,-0.6703276469502175,-0.029245015269561143,1.283355405942699
0.11351096454920702,1.042659465957123,-0.8694442176082037,-0.5793576821270932,-0.020704498905781625,1.3013973834149086
0.12155783838140582,0.9958674038494475,-0.9051394006765103,-0.494604734830202,-0.01286281028767345,1.3197810861577295
0.1288969292811188,0.9469121506909416,-0.932628806870396,-0.41600460691626523,-0.005661010878456495,1.3385155263584791
0.13557700135333603,0.896197018317307,-0.9523901281928709,-0.3434772753012062,0.0009441571384902125,1.3576064377455177
0.14163634989845592,0.844119137247973,-0.9649114652538259,-0.27692523115145395,0.006986491497403423,1.3770576375054056
0.14710728154385666,0.7910595335546698,-0.9706856910042907,-0.21622992234940158,0.012494434161659951,1.3968719807012826
0.15201900594368295,0.7373763249885175,-0.9702074961669171,-0.16124843292495905,0.017493719717026904,1.417052028985871
0.15639940618047052,0.6834003670838266,-0.9639714926847351,-0.1118113864305198,0.022008994112035392,1.4376005061702404
0.1602760172328951,0.6294329227719668,-0.9524706625962703,-0.06772238385383922,0.026064704979421743,1.4585205883230292
0.1636764612572362,0.5757450205410615,-0.9361949126347371,-0.028758903525812562,0.02968549173286776,1.4798160638326132
0.16662853300431538,0.5225781900366304,-0.915629715861146,0.0053256063785589655,0.03289625331501741,1.501491392480591
0.16916008405744268,0.47014626719968505,-0.8912549009164954,0.03479878826554815,0.03572203073708963,1.5235516884308347
0.17129881569945993,0.41863796635816986,-0.8635436517780916,0.05994593226746037,0.038187805874106966,1.546002648473438
0.17307205631860356,0.36821993220557464,-0.8329617445876423,0.08106632458407842,0.04031828674017613,1.5688504433424075
0.1745065708622406,0.31904001048473674,-0.7999669962355944,0.09846960699329506,0.042137723217875976,1.5921015864811954
0.1756284273341694,0.27123050928186093,-0.7650088461949132,0.11247228463179577,0.043669776365052246,1.6157627915022252
0.17646292851388637,0.2249112594922936,-0.728527947996317,0.12339444043413521,0.04493744882567097,1.6398408270207796
0.17703460525120543,0.18019232069150345,-0.6909556166574917,0.13155664923359406,0.045963072895561535,1.664342375688938
0.17736725990439334,0.1371762164235954,-0.6527129690673921,0.13727703901630023,0.04676834556677265,1.6892739031279156
0.17748404381172753,0.09595962137239807,-0.6142096106090512,0.14086842551774573,0.04737439553692285,1.7146415419394496
0.17740755038584954,0.05663446332669861,-0.5758417663234882,0.14263545130711158,0.04780186504904948,1.7404509958348355
0.177159905043877,0.0192884462740449,-0.5379898284728611,0.14287169086124962,0.04807098910296898,1.7667074688365998
0.1767628345194984,-0.01599495319328998,-0.5010153888427721,0.14185673418653505,0.0482016558503833,1.793415624134831
0.1762377010474039,-0.04913691868654795,-0.46525793101533713,0.13985332408769227,0.0482134347568577,1.820579576215071
0.17560549131209124,-0.0800640193900293,-0.4310314560742214,0.13710468286769367,0.048125563235265664,1.8482029181501158
0.17488675554879138,-0.1087090653793785,-0.39862138233904243,0.13383220771593407,0.04795688758173768,1.8762887835125523
0.17410149812948694,-0.13501192409099327,-0.3682820759251675,0.13023372673630243,0.047725759570727194,1.9048399395146984
0.17326902650128895,-0.15892014616274142,-0.34023532389146655,0.1264824821432518,0.04744989518709851,1.9338589052130752
0.17240776958777834,-0.18038928746365876,-0.3146699597187917,0.1227269456962535,0.04714620587325667,1.9633480864873356
0.17153507907140567,-0.19938286740599334,-0.2917427108774408,0.11909148563803956,0.04683061475469814,1.9933099184708405
0.17066702713593093,-0.21587196120889626,-0.27158018878371515,0.11567781217969658,0.04651787039113214,2.0237470063659506
0.16981821253548224,-0.22983447494212111,-0.25428181163328845,0.11256704845959756,0.04622136894617278,2.054662257001396
0.16900158391002962,-0.2412541889616079,-0.23992336162736602,0.10982221949998541,0.04595299287807251,2.0860589957038935
0.1682282858667656,-0.2501196743436061,-0.2285608384488729,0.10749092854048606,0.04572297105708127,2.1179410655621704
0.16750753018960607,-0.2564231892417428,-0.22023427649827118,0.10560799580748749,0.045539762259888525,2.150312908488828
0.1668464920912694,-0.260159651934953,-0.2149712320136478,0.10419786145736924,0.045409961709971754,2.183179629300642
0.16625022988345853,-0.2613257700306085,-0.21278970261288943,0.10327659242208216,0.045338228906768474,2.2165470451821623
0.1657216257906784,-0.25991938560556166,-0.21370030269523843,0.10285337364471471,0.04532723439502035,2.2504217233648296
0.16526134571916584,-0.2559390772427927,-0.217707574727563,0.10293140205973031,0.045377623224128145,2.2848110097385836
0.16486781640957066,-0.24938404339450745,-0.22481036508416113,0.10350813431483637,0.045487993444688235,2.319723050554993
0.16453721934690613,-0.240254277161772,-0.2350012346110718,0.10457486719354546,0.04565488889653746,2.355166808526823
0.1642635018910504,-0.2285510292446481,-0.24826491229203093,0.10611565550854754,0.045872806590644154,2.3911520736148004
0.1640384071566412,-0.2142775417956879,-0.26457584059968325,0.10810559937883854,0.04613422002040289,2.4276894677448055
0.1638515250364967,-0.19744001958252966,-0.28389490844565746,0.11050856465626502,0.04642962059433681,2.4647904417468247
0.16369036722437164,-0.17804878527805063,-0.30616552536427444,0.11327443900665057,0.04674757987416368,2.502467262095165
0.16354046891536933,-0.1561195431838411,-0.3313092583297728,0.11633607161154048,0.04707483521080099,2.540732984722063
0.16338551880276198,-0.13167465244844578,-0.35922132481667346,0.11960609307732145,0.04739640046823676,2.579601413444883
0.16320751686267823,-0.10474429122972623,-0.38976630056764916,0.12297385636099203,0.04769570163318974,2.619087041530126
0.1629869561967696,-0.07536738352821082,-0.422774440688928,0.12630276822891068,0.04795473419296156,2.659204976662519
0.1627030211351309,-0.04359216754395808,-0.4580390084530027,0.12942828134388412,0.04815423544144478,2.699970851979377
0.16233378948433305,-0.009476313856520362,-0.4953149414927972,0.13215677926369326,0.0482738608835685,2.7414007285455035
0.16185642315483095,0.02691344523902777,-0.5343190550796006,0.13426550735468992,0.048292350490817613,2.7835109971650676
0.16124732947307724,0.06550214240114469,-0.5747317994700357,0.13550358991654013,0.04818766869101043,2.826318289148687
0.1604822761571015,0.10620774683716405,-0.6162003839064789,0.13559404742889364,0.04793710248155482,2.869839406064491
0.15953644658025168,0.14894250060895828,-0.6583428966112547,0.13423661496011716,0.04751730530405116,2.914091277377977
0.15838442822619847,0.19361419453097356,-0.7007529296620975,0.13111108971259233,0.046904280027093036,2.95909095240753
0.15700013515918482,0.24012714717480627,-0.7430041861344632,0.12588091872376475,0.04607330166957373,3.0048556297375155
0.1553566735728942,0.28838267311903515,-0.7846546062641572,0.11819677764730836,0.044998788157491344,3.051402723865954
0.15342616680744123,0.3382788753821739,-0.8252496781455795,0.10769997402844195,0.04365413431369201,3.0987499660730995
0.15117956182909645,0.38970965953003667,-0.8643247611939263,0.094025610208715,0.04201152968103334,3.146915534656582
0.1485864427621806,0.4425629310300089,-0.9014064106370058,0.07680553757485716,0.04004178439269046,3.195918208805985
0.1456148787208915,0.49671799472966377,-0.9360128210982286,0.05567120636931172,0.03771418917518409,3.2457775401957574
0.14223133303946875,0.5520422229450948,-0.9676535927966844,0.030256553036561284,0.034996435792364035,3.296514036391182
0.13840065889799238,0.6083870983130447,-0.9958290632122376,0.00020106705511283712,0.031854622645480765,3.348149349875504
0.13408620162860413,0.6655837737638012,-1.0200294463486088,-0.03484685650321237,0.02825336618252902,3.4007064654632093
0.12925001939138692,0.7234383296666913,-1.039733990189115,-0.07522623925610045,0.024156031007805348,3.4542098767289064
0.12385321963584814,0.7817269509546912,-1.0544103094013393,-0.12125956973205554,0.01952507839493627,3.5086857386681034
0.1178563868134872,0.8401912957167992,-1.063513981626256,-0.17324874704046536,0.014322512381566394,3.564161979106222
0.1112200455707263,0.8985343787638737,-1.0664884167027067,-0.23147120873137322,0.008510373241490243,3.6206683455765267
0.10390506278904671,0.9564173427879772,-1.0627649234606107,-0.29617666167333234,0.0020511896194119862,3.6782363578930237
0.09587284329982983,1.0134575267364427,-1.0517628153074965,-0.3675849506123524,-0.005091745042370262,3.736899129996495
0.08708512289622278,1.0692282559455792,-1.0328893281326075,-0.4458856795594137,-0.012954453949058269,3.7966910183547493
0.0775031162825009,1.1232607656372928,-1.0055391020131978,-0.5312402114495351,-0.021572940474376086,3.8576470482990324
0.06708574558591829,1.1750486362251937,-0.969093061568758,-0.6237865592275628,-0.03098468539077783,3.919802063030568
0.055786662056513114,1.2240551022189385,-0.9229168334597477,-0.723647365785829,-0.04123123675981489,3.983189529150121
0.04354977381613206,1.2697236867689834,-0.8663595797533816,-0.8309405187176166,-0.05236214326212618,4.047839910027194
0.03030297990377731,1.31149299283608,-0.7987557053693507,-0.9457907263762838,-0.06444048165991627,4.1137784707065475
0.01594972556566878,1.3488174791417271,-0.7194350558493703,-1.068338167668422,-0.07755029174941042,4.181022283445277
0.00035771668660982206,1.3811982160817478,-0.6277532601542954,-1.1987363485547606,-0.0918064657534495,4.2495760286200985
-0.016656568315209577,1.4082317617898066,-0.5231648183902409,-1.3371243206640737,-0.10736825076681192,4.319425888690645
-0.03535044674203855,1.429692158653442,-0.40537940983831044,-1.4835471838780736,-0.1244588594691615,4.39053037868975
-0.056090087089844406,1.4456693553547766,-0.27466392954321295,-1.6377849993843585,-0.14339589379070572,4.462806422401018
-0.07940392367984062,1.456786750252688,-0.13235371181978833,-1.7990494327071753,-0.16463753196941802,4.53610900997528
-0.10603876721954945,1.464474857302769,0.018472238901335952,-1.9655735965837051,-0.1888298342339208,4.610206200708743
-0.13689661102185463,1.4711209980069935,0.17257341319553132,-2.134347248725383,-0.21674593534325973,4.6847666281040246
-0.1725242692966933,1.4796977992536224,0.32331840518777655,-2.301548831535121,-0.24882966251516575,4.759411977733237
-0.21208110542093173,1.4927366998602372,0.46495964845632376,-2.4638549555624496,-0.2842928997327204,4.833887029431647
-0.25304481600630074,1.5115584906831165,0.5943791156768924,-2.61945309433988,-0.3208887767154582,4.908235657225099
-0.2926365966732272,1.5365649144668165,0.7105214771916593,-2.767736045940693,-0.35618807818801496,4.982757788124722
-0.3291970825306103,1.5678165626917502,0.8131300242187665,-2.9085661402478777,-0.38877216264451636,5.0578079775234395
-0.36222719745470583,1.6052259950685244,0.9022273123239155,-3.041928089330859,-0.4182430656565912,5.13366552616405
-0.3918492297364162,1.6485578134987227,0.9780148350265312,-3.167828788682597,-0.4447395718468227,5.210520028784007
-0.4183934418402703,1.6974341980285081,1.040816534349604,-3.2862503076352727,-0.468574451594418,5.288501040168651
-0.4422049669025097,1.7513642677484578,1.091022082220116,-3.3971247873029586,-0.49006788295314957,5.367706111887351
-0.46357964316589084,1.8097788511062152,1.12904989594551,-3.50033271082502,-0.5094935583603819,5.448217219903731
-0.48275553921884967,1.8720627337903117,1.1553312665484157,-3.595718765495928,-0.527072629999956,5.530108010510903
-0.4999238779025684,1.9375834602571895,1.1703071831132537,-3.6831165574090936,-0.5429838748753584,5.613445704866042
-0.5152439404261607,2.0057170078731095,1.174429892122472,-3.7623749351688356,-0.5573768801976361,5.698290502356858
-0.5288559390560399,2.0758701039626835,1.1681643124586,-3.8333810626063074,-0.5703832409755717,5.784694285288247
-0.5408899381047487,2.1474984795061363,1.1519871243883673,-3.8960774742682274,-0.5821242631130918,5.87269965243973
-0.5514707660421385,2.220120354131507,1.1263831253758199,-3.950472012285819,-0.5927152166783476,5.962339738224048
-0.5607197119267143,2.293324798868268,1.091839449027478,-3.996640816571492,-0.6022668626707023,6.05363887015902
-0.5687540880598372,2.3667750877556597,1.0488387307003615,-4.034725448807123,-0.6108851850805189,6.146613874080021
-0.5756856853073704,2.440207536154563,0.9978524958485672,-4.064925804156329,-0.6186701905523051,6.241275739124017
-0.5816189099091748,2.5134265313200617,0.9393361127686539,-4.087490758984433,-0.6257144281905318,0.054446058340346326
-0.5866491019443509,2.5862964653903826,0.8737267088655462,-4.10270859898413,-0.6321016393995346,0.15249988149507998
-0.5908612836243761,2.658731105996735,0.8014455770995361,-4.11089926027695,-0.6379057416540703,0.25225525241259467
-0.5943294117684356,2.7306806338366187,0.7229068310280291,-4.1124103728512935,-0.6431902120244051,0.353715529186399
-0.5971161206416078,2.8021162110792575,0.638534358588388,-4.107619047392108,-0.6480078699471647,0.45688488517576625
-0.5992729288520298,2.8730116392121836,0.5487892642891273,-4.096941204185501,-0.6524010541881604,0.5617688658295875
-0.6008409310919357,2.9433216476555875,0.45420943129943936,-4.080849694110942,-0.6564022311954227,0.6683747333822315
-0.6018520797404988,3.012957038112877,0.3554604976977978,-4.059900842158865,-0.6600351402393004,0.7767116352157821
-0.602331239110883,3.0817588886811507,0.25339183373451996,-4.034765350759195,-0.6633166356834591,0.8867906282107271
-0.6022991766977847,3.1494777043323525,0.14908094957063056,-4.0062530314415294,-0.6662593518852484,0.9986246001648045
-0.6017764045242432,3.2157678709522055,0.0438376920716301,-3.97531314385322,-0.6688750821423378,1.1122281579568025
-0.6007872220093785,3.2802092110516483,-0.06086397504342338,-3.942989741753494,-0.6711782821030875,1.2276175862644618
-0.5993626735287755,3.3423599263311283,-0.16353782379743023,-3.9103245223287746,-0.6731886000498167,1.3448109701402042
-0.5975410765004779,3.401827798104381,-0.2628842214442255,-3.878229886987792,-0.6749313530244292,1.4638284708500848
-0.5953657937824947,3.4583313225797374,-0.3579580626426111,-3.847381348934096,-0.676435773316878,1.5846925949979362
-0.5928814154079571,3.511726203522825,-0.44823871366814083,-3.8181720549277816,-0.6777320798445999,1.707428251049881
-0.5901301505408761,3.561993961034141,-0.5335939145111303,-3.7907350867485183,-0.6788488814503704,1.8320625088804245
-0.5871495955867495,3.609208143827686,-0.6141811497417702,-3.7650062957783788,-0.6798118187571371,1.9586241397132784
-0.5839720020730179,3.6534966638278172,-0.6903382339816698,-3.7407947431789457,-0.6806434617420166,2.0871430745133446
-0.5806245679761688,3.6950112045596066,-0.7624938404409581,-3.7178408683474244,-0.6813639946678579,2.217649880689347
-0.5771302109307349,3.733906560932814,-0.8311061851604823,-3.6958567915592138,-0.681992186667022,2.3501752970938785
-0.5735084563539969,3.7703284534851225,-0.8966259839503715,-3.674550974252643,-0.6825463084598069,2.4847498314128416
-0.5697762580985989,3.804407216908116,-0.9594764995989392,-3.653641702939816,-0.6830448232370397,2.6214034135246487
-0.5659486887651742,3.8362550860118105,-1.0200443069526122,-3.6328634478022686,-0.6835067923221586,2.760165100117279
-0.5620394967119897,3.8659654857027945,-1.0786762570398958,-3.611969019697532,-0.6839519980206776,2.901062830017221
-0.5580615504964375,3.8936133312639947,-1.1356797736444435,-3.5907294166406354,-0.684400814984949,3.0441232325864
-0.5540271974056433,3.9192557638197787,-1.1913247817857378,-3.568932509915697,-0.6848738718763795,3.1893714929883044
-0.5499485614455429,3.942933008319205,-1.2458463066928476,-3.5463812442517293,-0.6853915465201263,3.3368312790423906
-0.5458378027904875,3.9646691961005307,-1.2994472228226235,-3.5228917403872053,-0.6859733366440379,3.4865247354909434
-0.5417073573900649,3.984473081688179,-1.3523008851570992,-3.4982915245483666,-0.6866371498214093,3.6384725527174724
-0.537570172813351,4.002338631604945,-1.4045535150728712,-3.472418019447726,-0.687398564517883,3.7926941172418287
-0.5334399543130265,4.01824548895772,-1.4563262880296244,-3.445117382477665,-0.6882701316589827,3.9492077487566983
-0.5293314328439154,4.032159331748234,-1.5077171086844268,-3.4162437461890525,-0.6892608123565072,4.108031020638373
-0.5252606633465206,4.044032151391781,-1.55880207750423,-3.385658887930857,-0.6903756769920539,4.269181145670085
-0.5212453558004844,4.0538024843871225,-1.6096366611752144,-3.3532323193461426,-0.6916160120939814,4.43267538585683
-0.5173052323282766,4.061395636516993,-1.6602565825827502,-3.318841738929059,-0.6929799769678923,4.598531418051389
-0.5134623906512662,4.066723946368386,-1.7106784478416437,-3.2823737381635416,-0.6944639033668789,4.766767564061809
-0.5097416383590262,4.069687143512476,-1.760900129232734,-3.243724610321453,-0.6960642285401125,4.93740278764893
-0.5061707459537833,4.07017286585565,-1.8109009245082606,-3.202801103373761,-0.697779904411553,5.110456383917348
-0.5027805522680475,4.068057409463938,-1.860641515130487,-3.1595210027836944,-0.6996149681015453,5.285947344201442
-0.49960484560113744,4.063206791354858,-1.910063749094248,-3.1138135267553304,-0.7015808422927966,5.463893463206559
-0.4966799378301109,4.0554782100498405,-1.9590902790062963,-3.0656196422049935,-0.7036979014491437,5.644310343459647
-0.4940438454422495,4.044721988503661,-2.0076240942032535,-3.0148925242500164,-0.7059959028106921,5.827210520061868
-0.49173499066248266,4.030784076921578,-2.0555479974833264,-2.961598448734699,-0.7085130115944646,6.012602960578114
-0.4897903419119454,4.013509175053093,-2.102724091672698,-2.905718412157126,-0.7112933008824346,6.200493190652713
-0.48824293643563615,3.9927444995914128,-2.1489933559766405,-2.847250729284506,-0.7143827464404361,0.10769895874010071
-0.48711878419882265,3.968344167094545,-2.1941754023689466,-2.7862147921465903,-0.7178238737942098,0.30059345477397587
-0.48643325367443885,3.9401740839908905,-2.2380685029092158,-2.7226561016582522,-0.7216493963113597,0.4959965709447294
-0.48618718566746905,3.9081171371264527,-2.2804499656463006,-2.656652592052548,-0.7258754614016615,0.6939203166593586
-0.48636314347595877,3.872078375814255,-2.3210769087341543,-2.58832211120324,-0.7304955003752038,0.8943885434662245
-0.4869223281731049,3.8319897954920616,-2.3596874435312136,-2.51783063419231,-0.735476051905199,1.0974423047217128
-0.48780269193498216,3.7878143054048476,-2.396002235950165,-2.4454003470061942,-0.7407560659409373,1.3031447263050548
-0.48891861860449226,3.739548512262922,-2.4297263792551633,-2.371316227238006,-0.7462508005008226,1.5115843889299765
-0.49016222841207224,3.687224080505996,-2.460551482875271,-2.295929414592076,-0.7518603358171494,1.722876317141288
-0.49140600750864044,3.6309076122818684,-2.488157854528249,-2.2196558489123492,-0.7574811581210704,1.9371601326000274
-0.49250620079113816,3.5706991854288685,-2.512216619547534,-2.142969578670341,-0.7630178645146013,2.1545956701889777
-0.493306319245953,3.506729858619508,-2.5323915845875993,-2.066391642886874,-0.7683916196460903,2.3753570965849424
-0.4936401762198305,3.4391585760414376,-2.54834063066506,-1.9904769012833445,-0.7735429499201697,2.5996269913274257
-0.49333399476400475,3.3681689627990608,-2.5597164361149267,-1.915801912559126,-0.7784283966159744,2.8275917932260066
-0.49220725735465953,3.2939664779459092,-2.5661663968416986,-1.8429565931128802,-0.7830125054409438,3.059439576114016
-0.490072092446529,3.2167762698313913,-2.567331725812491,-1.7725411683810688,-0.7872577620889233,3.2953605438497036
-0.48673112239394195,3.136841860689403,-2.5628458614687997,-1.7051684277545525,-0.7911151804544487,3.535550137063437
-0.4819738263374775,3.0544244977347965,-2.5523324775165217,-1.6414699659415428,-0.7945176716083713,3.7802142880100207
-0.4755715729432763,2.9698026822578214,-2.535403542715535,-1.5821040482705921,-0.7973775204731927,4.029576074836175
-0.4672715406548368,2.883271065598417,-2.5116579956202565,-1.5277618810566462,-0.7995883987167567,4.283882706827368
-0.4567898102843432,2.795137628997429,-2.4806816217127676,-1.4791684616296978,-0.8010310966119902,4.543411409116494
-0.44380411488163907,2.7057179184487175,-2.4420485727699153,-1.437074350315562,-0.8015803312062812,4.808472569351445
-0.42794730650524065,2.615325209909467,-2.395324571577077,-1.4022365798459744,-0.8011080695333215,5.0794088432126845
-0.4088039027549347,2.524256000366161,-2.3400711728030257,-1.3753911108042578,-0.7994784961065049,5.356590020099389
-0.38591449273888967,2.432771288685369,-2.2758496187674924,-1.357224849466597,-0.7965333377528142,5.640404779861064
-0.3587964961629613,2.341075669831876,-2.202222172385809,-1.3483593170997488,-0.7920745339676991,5.9312503631464795
-0.32699418251465673,2.249297883147827,-2.1187488503086382,-1.34935686180378,-0.7858616873231025,6.229517598136843
-0.2901731379080732,2.1574771668226247,-2.0249786364165154,-1.3607513327708267,-0.777648823339109,0.25237586271097
-0.24826690042946759,2.065558034412589,-1.9204361069428062,-1.3830881550972678,-0.7672807786805056,0.5664515340966436
-0.20165369382211729,1.9733903496593612,-1.8046045265119313,-1.416938646101843,-0.7548421037706443,0.8886029225796598
-0.15128551614635677,1.8807229220925503,-1.6769005443406189,-1.4628495142457074,-0.7407917765715637,1.2185065466393636
-0.09865075062284945,1.787175381922136,-1.5366229615037947,-1.521235219339072,-0.7259549341295872,1.5553438892644746
-0.045511901673892255,1.6921859125496785,-1.3828513212853872,-1.5923180621535975,-0.7112771306722503,1.897828536197666
0.006471017340371921,1.5949539220613596,-1.214286948512287,-1.6762623620990225,-0.6974410305663392,2.2444836434905326
0.056024975119633946,1.4943974955441397,-1.0290594214166509,-1.7735159928072244,-0.684628665001859,2.5940873643910303
0.10235431417745294,1.3891267300320203,-0.8245418081923642,-1.885167089138896,-0.6726123697676926,2.946016977626776
0.14507407592471389,1.277450207373916,-0.5972748015639087,-2.0130682143861125,-0.6610554812662014,3.300265020697904
0.1840328179458457,1.1575457953447288,-0.34335918968974677,-2.1594881216965147,-0.6497757642195433,3.6571482946571843
0.21901592944976456,1.0282299629026128,-0.06045417397528807,-2.3256857665031925,-0.6388666938188412,4.016873845252482
0.24934386878456102,0.8912094017651144,0.24626252159795559,-2.5080207893082433,-0.628714514593081,4.3790981884510005
0.2738094039379065,0.7543135423220386,0.5554438746012681,-2.692519655871925,-0.6198513181487717,4.742862334544909
0.2919349691796627,0.6283582177255145,0.8377988691959036,-2.8603910114591464,-0.6124723180148157,5.10768356740969
0.304945642088745,0.5170833241815683,1.0828570907470825,-3.00509692409714,-0.6062275912197993,5.474455030520224
0.3144090408920739,0.41818498066025334,1.2963140940187765,-3.1303869716128534,-0.6007057498189216,5.844412025343142
0.3213884582167553,0.3286989630613554,1.485768631248424,-3.241155675441439,-0.5956798581357943,6.218434525043529
0.326530303738573,0.24642015266494421,1.6569340674179889,-3.341058925331685,-0.5910590944307389,0.3138960503600332
0.3302395702339456,0.1698338335553862,1.8137959462625663,-3.4326347860699693,-0.5868016607074451,0.6975279907375391
0.3327826196227506,0.09789987536264881,1.9591709242999702,-3.5176838885354327,-0.5828536478955102,1.0863935913236848
0.3343395501113976,0.029897074768603427,2.095114824586269,-3.5975608435205624,-0.5791276364801258,1.480687595511077
0.3350312802747133,-0.034674966996828344,2.2231821896692585,-3.673367739594652,-0.5755271855911487,1.8805907719945623
0.3349376414968478,-0.09615774954151708,2.344589251866536,-3.7460624864754615,-0.5720084134316819,2.2862883704842973
0.3341164639178344,-0.1547748939591789,2.46031702880821,-3.8164895824095053,-0.5686343112262949,2.697962689721461
0.33262465350698384,-0.21066141706720104,2.571176679249506,-3.8853634853686954,-0.5655617437970425,3.1157702243198826
0.33053403035156265,-0.2638867489765646,2.6778506135823403,-3.9532563490273644,-0.5629540222889882,3.539827262486778
0.32793556467056306,-0.31447547957328903,2.7809174959473237,-4.020619838336011,-0.5608775759141775,3.9702182442328153
0.3249314560160974,-0.36242886693999643,2.8808658459544123,-4.087833965976243,-0.5592439306280778,4.4070235068841
0.3216180374502958,-0.40774857931079034,2.9780993991960405,-4.1552614214630585,-0.5578354389050981,4.8503550424428274
0.3180684848115734,-0.45046134373525354,3.072937222591656,-4.2232724421013685,-0.5564365056837556,5.30038111387189
0.3143332638534274,-0.49063884268905866,3.165612447572363,-4.292191886642462,-0.5550171554691847,5.757313682368016
0.31046682062023717,-0.5284050428710321,3.2562746980195465,-4.3621745593019945,-0.5538012921102858,6.221357370359106
0.30655655654231595,-0.5639291203319418,3.3449999364453795,-4.433117162617577,-0.5531175863907666,0.40947838145492454
0.3027226842353233,-0.5974107889744336,3.431806695371928,-4.504696788131844,-0.5531631741559287,0.888143664912008
0.2990864831778768,-0.6290657257995864,3.5166743603874324,-4.5765072008267005,-0.5538651697830622,1.374245515566457
0.2957240354553661,-0.6591146781199092,3.599559717726128,-4.648217829981842,-0.5549193112716956,1.8678927802003813
0.29263357179792554,-0.6877742606152156,3.68041014494367,-4.719676210771908,-0.5560205614281569,2.3692554563030135
0.28975699139811933,-0.7152419816560114,3.7591734189450694,-4.79086271421772,-0.5571615811496338,2.8785361083983374
0.28705629247186704,-0.7416752613846922,3.8358035278577827,-4.8617158334039035,-0.5586893365299246,3.3958978211664306
0.2845715814507454,-0.76717978122413,3.9102612643104924,-4.932014585243194,-0.5610189847586624,3.921425991484955
0.2824063687606929,-0.7918170935410795,3.9825110325854913,-5.0014317593090984,-0.5642935971289741,4.45515927710828
0.28065587485416765,-0.8156251120308446,4.052517519811543,-5.069702198351102,-0.5682570282431529,4.997162297511924
0.27932635538784323,-0.8386390548110323,4.120244767610112,-5.136794637143647,-0.5724600323870584,5.5475897028764205
0.2783298252024109,-0.8608951998971108,4.1856567336745965,-5.202907298474424,-0.5767388842000409,6.106665286199048
0.27759734711917555,-0.8824105942779787,4.248715116368631,-5.268203306462325,-0.5814687909612334,0.3913844548207246
0.2771878631801492,-0.9031652084544478,4.309373720475058,-5.332569381222931,-0.5872170627908676,0.9681870747053736
0.2772669003759543,-0.9231103602969472,4.367574915447481,-5.395670370576203,-0.594194573290697,1.5538981797735492
0.27797550274007593,-0.9421969660079373,4.4232528649479725,-5.457239374507343,-0.6020330374198987,2.1485921356519384
0.27929920944679465,-0.9604014239382979,4.476341889442572,-5.517361974292443,-0.6101704845841545,2.752489507617199
0.28111420738418136,-0.9777162781157194,4.526778235709363,-5.576369332626018,-0.6186091897807448,3.3658579016166104
0.2834005912245219,-0.9941099536580542,4.574488181914177,-5.634356397191232,-0.628032178673583,3.9888245651792857
0.2863352573507211,-1.009510869372553,4.6193781784532515,-5.6909678808848945,-0.6390492006962449,4.62136270726008
0.2901494040839036,-1.0238359730380404,4.6613423908852445,-5.745718947245456,-0.6515051816799262,5.263467270568096
0.2948916246476161,-1.037035930419273,4.700284530177434,-5.79854636664836,-0.6646499878505071,5.915345744179049
0.3004050113123412,-1.0490992873094425,4.736126567747057,-5.849881461419377,-0.6782443354575984,0.29414872677566173
0.30662517676402173,-1.059996625886727,4.768783789986356,-5.8999333406520265,-0.6930815741676356,0.9663871028628004
0.3137533349371706,-1.069648833142051,4.798143946738159,-5.948225514941736,-0.7100016883907097,1.6487571483824577
0.32205380545799617,-1.0779659013236198,4.824085694425142,-5.994078148125077,-0.7287777943952568,2.3411815098838455
0.3315195801622031,-1.0849103171523438,4.846520175124454,-6.0375156811157815,-0.7484136044457743,3.043934269588007
0.34192370759469937,-1.0904879790264925,4.8653927299521555,-6.079201953973183,-0.7688444082011201,3.7574027439646085
0.3532484157817337,-1.0946682992598125,4.8806325215045065,-6.119196670936567,-0.7912675721959679,4.481572818859465
0.36576314916033853,-1.0973699797938616,4.892138579224809,-6.156598423492308,-0.8163620365651238,5.21613349839752
0.3796215818383444,-1.098536620380717,4.899831119802494,-6.190781786206346,-0.8431529476904309,5.9610984882448586
0.3945954164004589,-1.0981866604503039,4.903692374428945,-6.222459125320684,-0.8706631688672849,0.43378895730562483
0.41048409956247806,-1.0963379333511094,4.9037161734250025,-6.252315923783067,-0.8998991947831351,1.2007505651404617
0.42745390587090937,-1.0929458214306023,4.8998604450961745,-6.279475996998096,-0.932194613594677,1.9783431368443853
0.44568902516004216,-1.0879671464770164,4.892091764506371,-0.019580820414708988,-0.9667308761074334,2.766351001012402
0.4649734782352565,-1.0814350203835896,4.880442877553267,-0.039715687140971526,-1.0019109137970112,3.565359161372706
0.48503364165124424,-1.0733972092462074,4.864969753756858,-0.05789926831093697,-1.038639991249444,4.375656847460027
0.5059556062565537,-1.063844017414639,4.845697435032144,-0.07312699228240213,-1.0786264961767495,5.196651371922968
0.5278540787327609,-1.0527657353151405,4.822659385520012,-0.08383011339225176,-1.120773504848783,6.02812440516304
0.5504856506525988,-1.040215075831013,4.795941738095,-0.0911161206584365,-1.1631412832328347,0.587671055437962
0.5736084595413569,-1.0262467733740235,4.7656416848886325,-0.09645620841569932,-1.2070930314347343,1.441845207779709
0.5972767066241842,-1.0108739284769104,4.731836945962683,-0.09820273456797404,-1.2542999099830487,2.306777913416462
0.6214853693039186,-0.9941215453211671,4.6946181894770795,-0.09485211949445617,-1.3027218076198144,3.182700742455313
0.6459921024819284,-0.9760460575438304,4.654099489720403,-0.08847278343141733,-1.3507806250486833,4.070544275711932
0.6706621809623369,-0.956689198234287,4.610391556788433,-0.07999173424483841,-1.4008253111487523,4.970074955618119
0.6955085403137468,-0.9360792828261102,4.563601884252381,-0.06674162071514078,-1.4534316970010592,5.8809793349492425
0.7204308327889881,-0.9142535036465294,4.513841332828401,-0.048523488395266,-1.5055182460374557,0.5210771203215012
0.7452810117222702,-0.8912429308712309,4.461216191594646,-0.028179118610318167,-1.5572907738883701,1.4571968044588137
0.7700064525976924,-0.8670743465235066,4.4058345181064364,-0.004621053076421373,-1.6114500019578517,2.4057177261344656
0.7945487403978155,-0.8417772587076292,4.347804658113503,0.024725617595887612,-1.666043581905563,3.3674878018601233
0.8188335903388378,-0.8153577004041352,4.287216694658098,0.057484305683841525,-1.7187501425008525,4.343463694038668
0.8428194988090123,-0.7878130591365695,4.224157880299335,0.0922955028305544,-1.7723730279594385,5.333226886060862
0.8664234740461741,-0.759159388271,4.158726608754338,0.13242638484606165,-1.8271181431504293,0.05429898704416214
0.8896034559318732,-0.7293797065172035,4.091000211394842,0.17717835099650825,-1.8793744656973514,1.0743773343031484
0.9123858352227148,-0.6984238043486424,4.021041220565103,0.22360558996072,-1.93088731148837,2.1097966875620533
0.934668695193437,-0.6662740166927663,3.9489323127527065,0.27446677754814686,-1.983519661471094,3.1611258874011323
0.9563916229116091,-0.6328827494280193,3.8747419871104176,0.33038912930416786,-2.0333560006295066,4.229973370626902
0.9776534967685916,-0.5981410098741595,3.798515030098207,0.38780948411170146,-2.0812940040431602,5.315645879742752
0.9983330919012656,-0.5619808750182855,3.7203220436107154,0.4489919368890313,-2.1299488166576146,0.13550913135647757
1.018342783020143,-0.5243055109314143,3.6402232083043735,0.5148580234838477,-2.175215424440551,1.2576189161654472
1.0378411500968214,-0.4849425243815574,3.55824886792724,0.5817538395581322,-2.218173676332677,2.3977099814159697
1.0566402095627254,-0.44377868629386147,3.474456680318796,0.6521254258427512,-2.26121704960983,3.5566804178747
1.074674849497732,-0.4006644416032467,3.3888766380254003,0.726014638191013,-2.2999141185555083,4.735801659733916
1.0921176032079536,-0.35540775102791,3.301494889426481,0.8004079689141251,-2.3367423403055376,5.933716758649625
1.108653130748972,-0.3079093584158598,3.21230721820487,0.8783519557367834,-2.3723805935023767,0.8688399252792811
1.1243632318529884,-0.2580408086194633,3.121221129017441,0.9581723882854232,-2.4030652587265027,2.1076195912413382
1.1392912811587144,-0.20572792079147667,3.0280815246062627,1.0390033498611977,-2.4327922534727957,3.366085741289974
1.1530903867505347,-0.15098770140769407,2.9326936353232154,1.123573253173006,-2.4589866724085563,4.646039011696449
1.166060659184642,-0.0938499754888156,2.8347067898515115,1.209303047637912,-2.4812211154525725,5.946249211272819
1.1779411977724017,-0.03442068296334291,2.733747614758018,1.298379286550671,-2.5023073559902262,0.9843290781490674
1.1887368310822835,0.027178086782255743,2.6293337992166093,1.3910641432243935,-2.5180249337254503,2.327052286436891
1.1986637834722444,0.09082129847223158,2.5208904699986308,1.4866054776078625,-2.5320811862932553,3.690379930295318
1.2073392501608746,0.15643622351497347,2.4078605193582305,1.5878613019135124,-2.5421789284255705,5.07580325578926
1.2152453540201158,0.22396767973339535,2.2895205716042657,1.69286593696274,-2.548407192748324,0.19890721779980325
1.221989333373637,0.29349704205476174,2.165191387567819,1.8043085683056062,-2.552807821635605,1.627223146064775
1.2278620844094277,0.36514932701212427,2.034016801252697,1.9213224253755337,-2.5515611389880823,3.0770376711766314
1.2328031218833817,0.43919046607729,1.8950526641324312,2.0447992962243284,-2.549459941692994,4.548528119257494
1.2366010645799719,0.5160274752946092,1.747171069606476,2.1759892176310256,-2.5410735770382655,6.042059608911045
1.2396239206546966,0.5961527605728427,1.5889207694462615,2.313919388357654,-2.5315127409007965,1.2736923578853245
1.2410283342863204,0.6803777772084205,1.418531904410548,2.462046995738343,-2.5158285114445618,2.8107582854286957
1.241516581441397,0.7695652294476354,1.2335932513684646,2.61816233558192,-2.498039938751223,4.3685911692324595
1.2394403626557322,0.8651898787031468,1.030937096411563,2.7880836321709106,-2.474448905988058,5.948343704826463
1.2355920427327232,0.9688238328451408,0.8062955991377773,2.96910451180509,-2.4479397226124466,1.2646650100772927
1.226941944772001,1.08313529070384,0.5537505302112287,3.170281731014296,-2.4156225731570244,2.8846841295193744
1.2138763753307562,1.2106954393760827,0.2664853128767017,3.3886257213175677,-2.380577926434848,4.522237236437864
1.191053370001637,1.3546500290861947,-0.06209068110951532,3.635721631978932,-2.339261628742659,6.176694824709221
1.1605091614054825,1.511929897609702,-0.42417259263569373,3.89767761132771,-2.2977332575751803,1.563365863189592
1.1238811733554412,1.668721797743232,-0.7827787077734228,4.161950816552599,-2.2466974937821735,3.2517150082900823
1.0978891521209182,1.8055154890416125,-1.089942315829143,4.389220318821099,-2.1945393645406517,4.969702674058105
1.0831987043845794,1.9232796271328336,-1.3476417080768288,4.588133906847175,-2.1249858403452304,0.43299874635698643
1.0811291750669068,2.027077591424505,-1.5692482576734466,4.756674915444084,-2.054474514463475,2.210159572105747
1.087174513473694,2.1217687353489785,-1.7659407529820526,4.9046989868604385,-1.9654361696907903,4.010748675620196
1.0995918488681844,2.210092914635023,-1.9440908149024299,5.032944985904797,-1.8793621185323586,5.839188266876779
1.1170056120892324,2.2939054692704244,-2.107737163610363,5.137188468324909,-1.7774245132563222,1.4045726083607608
1.1368024514132213,2.3748243359379058,-2.2598691031379516,5.22946976070125,-1.6785911856831992,3.2808552864154206
1.1591558521334948,2.45364304143056,-2.402061402386546,5.291643200227315,-1.574115817174438,5.180272207093098
1.1822908410144077,2.531261144102024,-2.535924436584159,5.344579577797753,-1.4667510582695986,0.8241112753976196
1.2060991385344275,2.6081097387692194,-2.6622858867488515,5.369806794103419,-1.3686686613332189,2.78338524211968
1.2301155927073548,2.6844295275014516,-2.7821032502809904,5.378212826201249,-1.2627961345773973,4.7717074739187915
1.2542352886753576,2.7601888573287723,-2.8962029952123256,5.373393983731652,-1.1724522520099807,0.5157267881238887
1.277775904844769,2.8352741652755222,-3.005258052393778,5.341646115713781,-1.0846730712483807,2.580231033533734
1.3017214386792881,2.909091701716669,-3.110257765071932,5.305111519641286,-1.000209811545746,4.682038814556853
1.3252564330559853,2.981250126551713,-3.2119189840101128,5.253151905911165,-0.9366623615252632,0.5451217156828809
1.348160987077706,3.0512353328258737,-3.3109742211206306,5.185085319583272,-0.8750838999999925,2.731897442935765
1.3719408515887517,3.118513412084668,-3.408180120235367,5.117885507253972,-0.8225120055402876,4.95797261274959
1.395456130408594,3.1828211610450006,-3.503974260926159,5.042467890050346,-0.7923500444622833,0.944340193249845
1.41847758096177,3.2439917338448687,-3.598678138920134,4.957323512602543,-0.7684498007610107,3.254556547434295
1.4428620950899376,3.3020873034119393,-3.6925381971674627,4.875372041088851,-0.7516844333817562,5.601828932335353
1.4683331422258246,3.357208808470277,-3.7856421221701564,4.794516206220114,-0.7571588462372937,1.7041768435805018
1.493892913120081,3.409459374062032,-3.877968297838083,4.7071811213768,-0.7781457979872274,4.128133922491345
1.521023180771915,3.459201328869545,-3.969497209426599,4.6208589982434605,-0.8034614273028606,0.30376112703623903
1.5511018564131396,3.5067922844450594,-4.060236939631208,4.544369732502579,-0.8433188398012633,2.7939525123920874
1.5835261320061147,3.5523437116556535,-4.150129183559809,4.473228623954873,-0.9106947917428452,5.3146835830258805
1.6174847017300977,3.5959312753104777,-4.239056757532873,4.398913564998778,-0.9980039644149601,1.5827924488111815
1.6538368869321307,3.637813470600035,-4.327010680649018,4.327546718722501,-1.0894840804396944,4.162341470500774
1.6935704549867865,3.678197314479748,-4.414098073556002,4.275432898541154,-1.186959998783841,0.4821681670702702
1.736439774500747,3.7170768308456834,-4.500325132492198,4.249363103283557,-1.3069981523423324,3.105153262514013
1.7815877247559666,3.754376293893094,-4.585504357340808,4.238566433243664,-1.4591218258831282,5.747760984550511
1.828528527558192,3.7900846911184782,-4.669417478437483,4.22934448024782,-1.6311972442962976,2.1302003270815835
1.8772342483723805,3.8242141875896642,-4.752005758405777,4.2255272411180185,-1.8011029710029132,4.824678081212408
1.9274539433816726,3.85669360863756,-4.833322223763347,4.246416360508844,-1.9592722770893591,1.2736749566878975
1.9786817301051816,3.887416217538673,-4.913342477121675,4.305709770595314,-2.1147528846573866,4.052769248624788
2.0305563693654824,3.9163419849269143,-4.991921901555012,4.399600181954414,-2.2815179198452453,0.6002450463652167
2.082810297177921,3.943467262615142,-5.068871995036195,4.515157035311333,-2.4645170959001765,3.4843288197468265
2.1351471449135797,3.968767379263678,-5.144010460378692,4.642050537387183,-2.6590448451707336,0.14027200479237045
2.1871847399705593,3.992181185248661,-5.217173802653392,4.776061261416921,-2.8568223265059975,3.135965598578574
2.23836027624412,4.013609569368753,-5.288198148932445,4.9168156329376504,-3.0511629218920158,6.188587154850433
2.2879141236421106,4.032925842977069,-5.3568901705098515,5.06469823674444,-3.239545777153607,3.012795545385252
2.335027177079407,4.050004017636028,-5.423025883725629,5.219584893912552,-3.424094512407191,6.1701617821001715
2.3789239291475943,4.064735007777641,-5.486365191852717,5.381213073095606,-3.610854490093807,3.087963768571683
2.418736583868078,4.076997421887745,-5.546627438336105,5.549591256790138,-3.809029495454157,0.041858773314415565
2.453139038043829,4.086583140230659,-5.60339401212646,5.7243654056245035,-4.03092947246031,3.304867479150022
2.479931327472346,4.093104812999751,-5.655953047424693,5.902737508753768,-4.292484419186076,0.294901714335138
2.4960392150836817,4.095967436949442,-5.703211190957246,6.0759113742511115,-4.613332827153477,3.5543752752262314
2.498906963021359,4.094605814886627,-5.74403113866468,6.225992227191779,-5.014817372506149,0.48633091079478596
2.4898534450341856,4.089157295309288,-5.7783500046875576,0.04614721950900513,-5.514794575804282,3.6303971410591496
2.4768728385814547,4.081141723821197,-5.808349810101892,0.08755884159793692,-6.121977474793601,0.41031864331526613
2.472404279298847,4.0731904558325915,-5.837916990250731,0.07633203463971934,-0.5531240459928286,3.389530784590556
2.4856466469719924,4.067450362918551,-5.870127617824487,0.05039113729351023,-1.3712353258241932,6.246495257533603
2.5134600883795892,4.063291775667326,-5.904300802949737,0.049457198928156115,-2.2738064529253283,2.660262831226909
